perftest_user_1@test.com,password123
perftest_user_2@test.com,password123
perftest_user_3@test.com,password123
perftest_user_4@test.com,password123
perftest_user_5@test.com,password123
perftest_user_6@test.com,password123
perftest_user_7@test.com,password123
perftest_user_8@test.com,password123
perftest_user_9@test.com,password123
perftest_user_10@test.com,password123
perftest_user_11@test.com,password123
perftest_user_12@test.com,password123
perftest_user_13@test.com,password123
perftest_user_14@test.com,password123
perftest_user_15@test.com,password123
perftest_user_16@test.com,password123
perftest_user_17@test.com,password123
perftest_user_18@test.com,password123
perftest_user_19@test.com,password123
perftest_user_20@test.com,password123
perftest_user_21@test.com,password123
perftest_user_22@test.com,password123
perftest_user_23@test.com,password123
perftest_user_24@test.com,password123
perftest_user_25@test.com,password123
perftest_user_26@test.com,password123
perftest_user_27@test.com,password123
perftest_user_28@test.com,password123
perftest_user_29@test.com,password123
perftest_user_30@test.com,password123
perftest_user_31@test.com,password123
perftest_user_32@test.com,password123
perftest_user_33@test.com,password123
perftest_user_34@test.com,password123
perftest_user_35@test.com,password123
perftest_user_36@test.com,password123
perftest_user_37@test.com,password123
perftest_user_38@test.com,password123
perftest_user_39@test.com,password123
perftest_user_40@test.com,password123
perftest_user_41@test.com,password123
perftest_user_42@test.com,password123
perftest_user_43@test.com,password123
perftest_user_44@test.com,password123
perftest_user_45@test.com,password123
perftest_user_46@test.com,password123
perftest_user_47@test.com,password123
perftest_user_48@test.com,password123
perftest_user_49@test.com,password123
perftest_user_50@test.com,password123
perftest_user_51@test.com,password123
perftest_user_52@test.com,password123
perftest_user_53@test.com,password123
perftest_user_54@test.com,password123
perftest_user_55@test.com,password123
perftest_user_56@test.com,password123
perftest_user_57@test.com,password123
perftest_user_58@test.com,password123
perftest_user_59@test.com,password123
perftest_user_60@test.com,password123
perftest_user_61@test.com,password123
perftest_user_62@test.com,password123
perftest_user_63@test.com,password123
perftest_user_64@test.com,password123
perftest_user_65@test.com,password123
perftest_user_66@test.com,password123
perftest_user_67@test.com,password123
perftest_user_68@test.com,password123
perftest_user_69@test.com,password123
perftest_user_70@test.com,password123
perftest_user_71@test.com,password123
perftest_user_72@test.com,password123
perftest_user_73@test.com,password123
perftest_user_74@test.com,password123
perftest_user_75@test.com,password123
perftest_user_76@test.com,password123
perftest_user_77@test.com,password123
perftest_user_78@test.com,password123
perftest_user_79@test.com,password123
perftest_user_80@test.com,password123
perftest_user_81@test.com,password123
perftest_user_82@test.com,password123
perftest_user_83@test.com,password123
perftest_user_84@test.com,password123
perftest_user_85@test.com,password123
perftest_user_86@test.com,password123
perftest_user_87@test.com,password123
perftest_user_88@test.com,password123
perftest_user_89@test.com,password123
perftest_user_90@test.com,password123
perftest_user_91@test.com,password123
perftest_user_92@test.com,password123
perftest_user_93@test.com,password123
perftest_user_94@test.com,password123
perftest_user_95@test.com,password123
perftest_user_96@test.com,password123
perftest_user_97@test.com,password123
perftest_user_98@test.com,password123
perftest_user_99@test.com,password123
perftest_user_100@test.com,password123
